meter_channel,status,history_rows,test_rows,total_rows
DD03710131709_0,ok,80652,17568,98220
DD03710131709_1,ok,80652,17568,98220
DD03710131709_2,ok,80652,17568,98220
DD03710131908_0,ok,80652,5760,86412
DD03710131908_1,ok,80652,5760,86412
DD03710131908_2,ok,80652,5760,86412
DD03710131908_3,ok,80652,5760,86412
DD03710131908_4,ok,80652,5760,86412
DD03710131908_5,ok,80652,5760,86412
DD03710150192_0,ok,80652,17568,98220
DD03710150192_1,ok,80652,17568,98220
DD03710150192_2,ok,80652,17568,98220
DD03710150192_3,ok,80652,17568,98220
DD03710150192_4,ok,80652,17568,98220
DD03710150192_5,ok,80652,17568,98220
DD03710152752_0,ok,80652,4032,84684
DD03710152752_1,ok,80652,4032,84684
DD03710152752_2,ok,80652,4032,84684
DD03710152752_3,ok,80652,4032,84684
DD03710152752_4,ok,80652,4032,84684
DD03710152752_5,ok,80652,4032,84684
DD13710131574_0,ok,80652,17568,98220
DD13710131574_1,ok,80652,17568,98220
DD13710131574_2,ok,80652,17568,98220
DD13710147065_0,ok,80652,17568,98220
DD13710147065_1,ok,80652,17568,98220
DD13710147065_2,ok,80652,17568,98220
DD13710147065_3,ok,80652,17568,98220
DD13710147065_4,ok,80652,17568,98220
DD13710147065_5,ok,80652,17568,98220
DD13710148400_0,ok,80652,10656,91308
DD13710148400_1,ok,80652,10656,91308
DD13710148400_2,ok,80652,10656,91308
DD13710148400_3,ok,80652,10656,91308
DD13710148400_4,ok,80652,10656,91308
DD13710148400_5,ok,80652,10656,91308
DD13710148840_0,ok,80652,2016,82668
DD13710148840_1,ok,80652,2016,82668
DD13710148840_2,ok,80652,2016,82668
DD13710149684_0,ok,80652,17568,98220
DD13710149684_1,ok,80652,17568,98220
DD13710149684_2,ok,80652,17568,98220
DD15335190652_0,ok,80652,17568,98220
DD15335190652_1,ok,80652,17568,98220
DD15335190652_2,ok,80652,17568,98220
DD23710134143_0,ok,80652,17568,98220
DD23710134143_1,ok,80652,17568,98220
DD23710134143_2,ok,80652,17568,98220
DD23710134143_3,ok,80652,17568,98220
DD23710134143_4,ok,80652,17568,98220
DD23710134143_5,ok,80652,17568,98220
DD23710147328_0,ok,72588,17568,90156
DD23710147328_1,ok,72588,17568,90156
DD23710147328_2,ok,72588,17568,90156
DD23710148515_0,ok,80652,17568,98220
DD23710148515_1,ok,80652,17568,98220
DD23710148515_2,ok,80652,17568,98220
DD23710148515_3,ok,80652,17568,98220
DD23710148515_4,ok,80652,17568,98220
DD23710148515_5,ok,80652,17568,98220
DD23710148637_0,ok,80652,17568,98220
DD23710148637_1,ok,80652,17568,98220
DD23710148637_2,ok,80652,17568,98220
DD23710152475_0,ok,80652,17568,98220
DD23710152475_1,ok,80652,17568,98220
DD23710152475_2,ok,80652,17568,98220
DD23710152475_3,ok,80652,17568,98220
DD23710152475_4,ok,80652,17568,98220
DD23710152475_5,ok,80652,17568,98220
DD25335317259_0,ok,80652,17568,98220
DD25335317259_1,ok,80652,17568,98220
DD25335317259_2,ok,80652,17568,98220
DD33710136208_0,ok,80652,12672,93324
DD33710136208_1,ok,80652,12672,93324
DD33710136208_2,ok,80652,12672,93324
DD33710136324_0,ok,80652,17568,98220
DD33710136324_1,ok,80652,17568,98220
DD33710136324_2,ok,80652,17568,98220
DD33710136324_3,ok,80652,17568,98220
DD33710136324_4,ok,80652,17568,98220
DD33710136324_5,ok,80652,17568,98220
DD33710136504_0,ok,80652,17568,98220
DD33710136504_1,ok,80652,17568,98220
DD33710136504_2,ok,80652,17568,98220
DD33710142362_0,ok,80652,17568,98220
DD33710142362_1,ok,80652,17568,98220
DD33710142362_2,ok,80652,17568,98220
DD33710147083_0,ok,80652,17568,98220
DD33710147083_1,ok,80652,17568,98220
DD33710147083_2,ok,80652,17568,98220
DD33710147083_3,ok,80652,17568,98220
DD33710147083_4,ok,80652,17568,98220
DD33710147083_5,ok,80652,17568,98220
DD33710148032_0,ok,80652,17568,98220
DD33710148032_1,ok,80652,17568,98220
DD33710148032_2,ok,80652,17568,98220
DD33710148032_3,ok,80652,17568,98220
DD33710148032_4,ok,80652,17568,98220
DD33710148032_5,ok,80652,17568,98220
DD33710148405_0,ok,80652,12672,93324
DD33710148405_1,ok,80652,12672,93324
DD33710148405_2,ok,80652,12672,93324
DD33710148405_3,ok,80652,12672,93324
DD33710148405_4,ok,80652,12672,93324
DD33710148405_5,ok,80652,12672,93324
DD33710148566_0,ok,80652,17568,98220
DD33710148566_1,ok,80652,17568,98220
DD33710148566_2,ok,80652,17568,98220
DD33710148566_3,ok,80652,17568,98220
DD33710148566_4,ok,80652,17568,98220
DD33710148566_5,ok,80652,17568,98220
DD33710148727_0,ok,80652,17568,98220
DD33710148727_1,ok,80652,17568,98220
DD33710148727_2,ok,80652,17568,98220
DD33710161970_0,ok,70572,17568,88140
DD33710161970_1,ok,70572,17568,88140
DD33710161970_2,ok,70572,17568,88140
DD33710161970_3,ok,70572,17568,88140
DD33710161970_4,ok,70572,17568,88140
DD33710161970_5,ok,70572,17568,88140
DD43710133558_0,ok,80652,17568,98220
DD43710133558_1,ok,80652,17568,98220
DD43710133558_2,ok,80652,17568,98220
DD43710133558_3,ok,80652,17568,98220
DD43710133558_4,ok,80652,17568,98220
DD43710133558_5,ok,80652,17568,98220
DD43710133680_0,ok,50400,17568,67968
DD43710133680_1,ok,50400,17568,67968
DD43710133680_2,ok,50400,17568,67968
DD43710136402_0,ok,76620,17568,94188
DD43710136402_1,ok,76620,17568,94188
DD43710136402_2,ok,76620,17568,94188
DD43710136402_3,ok,76620,17568,94188
DD43710136402_4,ok,76620,17568,94188
DD43710136402_5,ok,76620,17568,94188
DD43710136454_0,ok,64524,17568,82092
DD43710136454_1,ok,64524,17568,82092
DD43710136454_2,ok,64524,17568,82092
DD43710136454_3,ok,64524,17568,82092
DD43710136454_4,ok,64524,17568,82092
DD43710136454_5,ok,64524,17568,82092
DD43710142219_0,ok,62508,17280,79788
DD43710142219_1,ok,62508,17280,79788
DD43710142219_2,ok,62508,17280,79788
DD43710142219_3,ok,62508,17280,79788
DD43710142219_4,ok,62508,17280,79788
DD43710142219_5,ok,62508,17280,79788
DD43710148528_0,ok,76620,6048,82668
DD43710148528_1,ok,76620,6048,82668
DD43710148528_2,ok,76620,6048,82668
DD43710148528_3,ok,76620,6048,82668
DD43710148528_4,ok,76620,6048,82668
DD43710148528_5,ok,76620,6048,82668
DD43710148726_0,ok,70572,17568,88140
DD43710148726_1,ok,70572,17568,88140
DD43710148726_2,ok,70572,17568,88140
DD43710148726_3,ok,70572,17568,88140
DD43710148726_4,ok,70572,17568,88140
DD43710148726_5,ok,70572,17568,88140
DD43710150291_0,ok,72588,17568,90156
DD43710150291_1,ok,72588,17568,90156
DD43710150291_2,ok,72588,17568,90156
DD43710150291_3,ok,72588,17568,90156
DD43710150291_4,ok,72588,17568,90156
DD43710150291_5,ok,72588,17568,90156
DD43710154692_0,ok,70572,17568,88140
DD43710154692_1,ok,70572,17568,88140
DD43710154692_2,ok,70572,17568,88140
DD43710154692_3,ok,70572,17568,88140
DD43710154692_4,ok,70572,17568,88140
DD43710154692_5,ok,70572,17568,88140
DD43710156370_0,ok,70572,17568,88140
DD43710156370_1,ok,70572,17568,88140
DD43710156370_2,ok,70572,17568,88140
DD53710134734_0,ok,74604,17568,92172
DD53710134734_1,ok,74604,17568,92172
DD53710134734_2,ok,74604,17568,92172
DD53710134734_3,ok,74604,17568,92172
DD53710134734_4,ok,74604,17568,92172
DD53710134734_5,ok,74604,17568,92172
DD53710136492_0,ok,80652,17568,98220
DD53710136492_1,ok,80652,17568,98220
DD53710136492_2,ok,80652,17568,98220
DD53710145594_0,ok,68556,17568,86124
DD53710145594_1,ok,68556,17568,86124
DD53710145594_2,ok,68556,17568,86124
DD53710161362_0,ok,74604,17568,92172
DD53710161362_1,ok,74604,17568,92172
DD53710161362_2,ok,74604,17568,92172
DD63710136344_0,ok,80652,5760,86412
DD63710136344_1,ok,80652,5760,86412
DD63710136344_2,ok,80652,5760,86412
DD63710136344_3,ok,80652,5760,86412
DD63710136344_4,ok,80652,5760,86412
DD63710136344_5,ok,80652,5760,86412
DD63710147032_0,ok,80652,17568,98220
DD63710147032_1,ok,80652,17568,98220
DD63710147032_2,ok,80652,17568,98220
DD63710147032_3,ok,80652,17568,98220
DD63710147032_4,ok,80652,17568,98220
DD63710147032_5,ok,80652,17568,98220
DD63710152870_0,ok,78636,17568,96204
DD63710152870_1,ok,78636,17568,96204
DD63710152870_2,ok,78636,17568,96204
DD63710152870_3,ok,78636,17568,96204
DD63710152870_4,ok,78636,17568,96204
DD63710152870_5,ok,78636,17568,96204
DD63710153384_0,ok,78636,17568,96204
DD63710153384_1,ok,78636,17568,96204
DD63710153384_2,ok,78636,17568,96204
DD63710153384_3,ok,78636,17568,96204
DD63710153384_4,ok,78636,17568,96204
DD63710153384_5,ok,78636,17568,96204
DD73710136266_0,ok,66540,17280,83820
DD73710136266_1,ok,66540,17280,83820
DD73710136266_2,ok,66540,17280,83820
DD73710136266_3,ok,66540,17280,83820
DD73710136266_4,ok,66540,17280,83820
DD73710136266_5,ok,66540,17280,83820
DD73710136497_0,ok,78636,17568,96204
DD73710136497_1,ok,78636,17568,96204
DD73710136497_2,ok,78636,17568,96204
DD73710147351_0,ok,52428,17280,69708
DD73710147351_1,ok,52428,17280,69708
DD73710147351_2,ok,52428,17280,69708
DD73710148686_0,ok,0,17280,17280
DD73710148686_1,ok,0,17280,17280
DD73710148686_2,ok,0,17280,17280
DD73710150170_0,ok,66540,17568,84108
DD73710150170_1,ok,66540,17568,84108
DD73710150170_2,ok,66540,17568,84108
DD73710150170_3,ok,66540,17568,84108
DD73710150170_4,ok,66540,17568,84108
DD73710150170_5,ok,66540,17568,84108
DD73710150283_0,ok,74604,17568,92172
DD73710150283_1,ok,74604,17568,92172
DD73710150283_2,ok,74604,17568,92172
DD73710150283_3,ok,74604,17568,92172
DD73710150283_4,ok,74604,17568,92172
DD73710150283_5,ok,74604,17568,92172
DD83710131752_0,ok,78636,17568,96204
DD83710131752_1,ok,78636,17568,96204
DD83710131752_2,ok,78636,17568,96204
DD83710131752_3,ok,78636,17568,96204
DD83710131752_4,ok,78636,17568,96204
DD83710131752_5,ok,78636,17568,96204
DD83710136199_0,ok,80652,16704,97356
DD83710136199_1,ok,80652,16704,97356
DD83710136199_2,ok,80652,16704,97356
DD83710136482_0,ok,80652,17568,98220
DD83710136482_1,ok,80652,17568,98220
DD83710136482_2,ok,80652,17568,98220
DD83710136482_3,ok,80652,17568,98220
DD83710136482_4,ok,80652,17568,98220
DD83710136482_5,ok,80652,17568,98220
DD83710147339_0,ok,80652,17568,98220
DD83710147339_1,ok,80652,17568,98220
DD83710147339_2,ok,80652,17568,98220
DD83710147339_3,ok,80652,17568,98220
DD83710147339_4,ok,80652,17568,98220
DD83710147339_5,ok,80652,17568,98220
DD83710151237_0,ok,80652,17568,98220
DD83710151237_1,ok,80652,17568,98220
DD83710151237_2,ok,80652,17568,98220
DD83710151237_3,ok,80652,17568,98220
DD83710151237_4,ok,80652,17568,98220
DD83710151237_5,ok,80652,17568,98220
DD85335177338_0,ok,60492,17568,78060
DD85335177338_1,ok,60492,17568,78060
DD85335177338_2,ok,60492,17568,78060
DD93710147071_0,ok,78636,17568,96204
DD93710147071_1,ok,78636,17568,96204
DD93710147071_2,ok,78636,17568,96204
DD93710147071_3,ok,78636,17568,96204
DD93710147071_4,ok,78636,17568,96204
DD93710147071_5,ok,78636,17568,96204
DD93710152906_0,ok,80652,17568,98220
DD93710152906_1,ok,80652,17568,98220
DD93710152906_2,ok,80652,17568,98220
DD93710152906_3,ok,80652,17568,98220
DD93710152906_4,ok,80652,17568,98220
DD93710152906_5,ok,80652,17568,98220
DD93710159602_0,ok,80652,8640,89292
DD93710159602_1,ok,80652,8640,89292
DD93710159602_2,ok,80652,8640,89292
DD93710159602_3,ok,80652,8640,89292
DD93710159602_4,ok,80652,8640,89292
DD93710159602_5,ok,80652,8640,89292
DD93710161470_0,ok,80652,17568,98220
DD93710161470_1,ok,80652,17568,98220
DD93710161470_2,ok,80652,17568,98220
DD93710162118_0,ok,80652,17568,98220
DD93710162118_1,ok,80652,17568,98220
DD93710162118_2,ok,80652,17568,98220
DD93710162118_3,ok,80652,17568,98220
DD93710162118_4,ok,80652,17568,98220
DD93710162118_5,ok,80652,17568,98220
DDA3710131121_0,ok,78636,17568,96204
DDA3710131121_1,ok,78636,17568,96204
DDA3710131121_2,ok,78636,17568,96204
DDA3710148406_0,ok,80652,16704,97356
DDA3710148406_1,ok,80652,16704,97356
DDA3710148406_2,ok,80652,16704,97356
DDA3710148716_0,ok,80652,14688,95340
DDA3710148716_1,ok,80652,14688,95340
DDA3710148716_2,ok,80652,14688,95340
DDA3710148716_3,ok,80652,14688,95340
DDA3710148716_4,ok,80652,14688,95340
DDA3710148716_5,ok,80652,14688,95340
DDA3710151439_0,ok,76608,17568,94176
DDA3710151439_1,ok,76608,17568,94176
DDA3710151439_2,ok,76608,17568,94176
DDA3710151439_3,ok,76608,17568,94176
DDA3710151439_4,ok,76608,17568,94176
DDA3710151439_5,ok,76608,17568,94176
DDA3710161759_0,ok,80652,17568,98220
DDA3710161759_1,ok,80652,17568,98220
DDA3710161759_2,ok,80652,17568,98220
DDB3710136192_0,ok,80652,17568,98220
DDB3710136192_1,ok,80652,17568,98220
DDB3710136192_2,ok,80652,17568,98220
DDB3710136329_0,ok,78636,17568,96204
DDB3710136329_1,ok,78636,17568,96204
DDB3710136329_2,ok,78636,17568,96204
DDB3710136329_3,ok,78636,17568,96204
DDB3710136329_4,ok,78636,17568,96204
DDB3710136329_5,ok,78636,17568,96204
DDB3710141068_0,ok,80652,7776,88428
DDB3710141068_1,ok,80652,7776,88428
DDB3710141068_2,ok,80652,7776,88428
DDB3710141068_3,ok,80652,7776,88428
DDB3710141068_4,ok,80652,7776,88428
DDB3710141068_5,ok,80652,7776,88428
DDB3710141266_0,ok,80652,17568,98220
DDB3710141266_1,ok,80652,17568,98220
DDB3710141266_2,ok,80652,17568,98220
DDB3710147364_0,ok,80652,17568,98220
DDB3710147364_1,ok,80652,17568,98220
DDB3710147364_2,ok,80652,17568,98220
DDB3710148383_0,ok,78636,17568,96204
DDB3710148383_1,ok,78636,17568,96204
DDB3710148383_2,ok,78636,17568,96204
DDB3710148698_0,ok,80652,17568,98220
DDB3710148698_1,ok,80652,17568,98220
DDB3710148698_2,ok,80652,17568,98220
DDB3710148786_0,ok,78636,17568,96204
DDB3710148786_1,ok,78636,17568,96204
DDB3710148786_2,ok,78636,17568,96204
DDB3710148786_3,ok,78636,17568,96204
DDB3710148786_4,ok,78636,17568,96204
DDB3710148786_5,ok,78636,17568,96204
DDB3710149676_0,ok,80652,17568,98220
DDB3710149676_1,ok,80652,17568,98220
DDB3710149676_2,ok,80652,17568,98220
DDB3710149676_3,ok,80652,17568,98220
DDB3710149676_4,ok,80652,17568,98220
DDB3710149676_5,ok,80652,17568,98220
DDC3710136170_0,ok,80652,17568,98220
DDC3710136170_1,ok,80652,17568,98220
DDC3710136170_2,ok,80652,17568,98220
DDC3710136170_3,ok,80652,17568,98220
DDC3710136170_4,ok,80652,17568,98220
DDC3710136170_5,ok,80652,17568,98220
DDC3710136355_0,ok,80652,17568,98220
DDC3710136355_1,ok,80652,17568,98220
DDC3710136355_2,ok,80652,17568,98220
DDC3710136355_3,ok,80652,17568,98220
DDC3710136355_4,ok,80652,17568,98220
DDC3710136355_5,ok,80652,17568,98220
DDC3710140821_0,ok,80652,17568,98220
DDC3710140821_1,ok,80652,17568,98220
DDC3710140821_2,ok,80652,17568,98220
DDC3710151033_0,ok,80652,17568,98220
DDC3710151033_1,ok,80652,17568,98220
DDC3710151033_2,ok,80652,17568,98220
DDC3710151033_3,ok,80652,17568,98220
DDC3710151033_4,ok,80652,17568,98220
DDC3710151033_5,ok,80652,17568,98220
DDD3710148556_0,ok,80652,17568,98220
DDD3710148556_1,ok,80652,17568,98220
DDD3710148556_2,ok,80652,17568,98220
DDD3710148556_3,ok,80652,17568,98220
DDD3710149679_0,ok,52428,6048,58476
DDD3710149679_1,ok,52428,6048,58476
DDD3710149679_2,ok,52428,6048,58476
DDE3710136072_0,ok,80652,17568,98220
DDE3710136072_1,ok,80652,17568,98220
DDE3710136072_2,ok,80652,17568,98220
DDE3710136072_3,ok,80652,17568,98220
DDE3710136072_4,ok,80652,17568,98220
DDE3710136072_5,ok,80652,17568,98220
DDE3710147026_0,ok,28224,17280,45504
DDE3710147026_1,ok,28224,17280,45504
DDE3710147026_2,ok,28224,17280,45504
DDE3710147026_3,ok,28224,17280,45504
DDE3710147026_4,ok,28224,17280,45504
DDE3710147026_5,ok,28224,17280,45504
DDE3710159631_0,ok,70572,17568,88140
DDE3710159631_1,ok,70572,17568,88140
DDE3710159631_2,ok,70572,17568,88140
DDE3710159631_3,ok,70572,17568,88140
DDE3710159631_4,ok,70572,17568,88140
DDE3710159631_5,ok,70572,17568,88140
DDE3710163236_0,ok,80652,17568,98220
DDE3710163236_1,ok,80652,17568,98220
DDE3710163236_2,ok,80652,17568,98220
DDF3710131630_0,ok,80652,17568,98220
DDF3710131630_1,ok,80652,17568,98220
DDF3710131630_2,ok,80652,17568,98220
DDF3710131630_3,ok,80652,17568,98220
DDF3710131630_4,ok,80652,17568,98220
DDF3710131630_5,ok,80652,17568,98220
DDF3710136460_0,ok,80652,17568,98220
DDF3710136460_1,ok,80652,17568,98220
DDF3710136460_2,ok,80652,17568,98220
DDF3710136460_3,ok,80652,17568,98220
DDF3710136460_4,ok,80652,17568,98220
DDF3710136460_5,ok,80652,17568,98220
DDF3710147031_0,ok,80652,17568,98220
DDF3710147031_1,ok,80652,17568,98220
DDF3710147031_2,ok,80652,17568,98220
DDF3710147031_3,ok,80652,17568,98220
DDF3710147031_4,ok,80652,17568,98220
DDF3710147031_5,ok,80652,17568,98220
DDF3710148720_0,ok,80652,17568,98220
DDF3710148720_1,ok,80652,17568,98220
DDF3710148720_2,ok,80652,17568,98220
DDF3710148720_3,ok,80652,17568,98220
DDF3710149094_0,ok,80652,17568,98220
DDF3710149094_1,ok,80652,17568,98220
DDF3710149094_2,ok,80652,17568,98220
DDF3710159693_0,ok,80652,17568,98220
DDF3710159693_1,ok,80652,17568,98220
DDF3710159693_2,ok,80652,17568,98220
DDF3710163550_0,ok,80652,17568,98220
DDF3710163550_1,ok,80652,17568,98220
DDF3710163550_2,ok,80652,17568,98220
DDF3710163550_3,ok,80652,17568,98220
DDF3710163550_4,ok,80652,17568,98220
DDF3710163550_5,ok,80652,17568,98220
