]633;E;echo "meter_id";45d20716-23bb-4c35-b3ff-4ca03f600957]633;Cmeter_id
DD03710131709
DD03710131908
DD03710150192
DD03710152752
DD13710131574
DD13710147065
DD13710148400
DD13710148840
DD13710149684
DD15335190652
DD23710134143
DD23710147328
DD23710148515
DD23710148637
DD23710152475
DD25335317259
DD33710136208
DD33710136324
DD33710136504
DD33710142362
DD33710147083
DD33710148032
DD33710148405
DD33710148566
DD33710148727
DD33710161970
DD43710133558
DD43710133680
DD43710136402
DD43710136454
DD43710142219
DD43710148528
DD43710148726
DD43710150291
DD43710154692
DD43710156370
DD53710134734
DD53710136492
DD53710145594
DD53710161362
DD63710136344
DD63710147032
DD63710152870
DD63710153384
DD73710136266
DD73710136497
DD73710147351
DD73710150170
DD73710150283
DD83710131752
DD83710136199
DD83710136482
DD83710147339
DD83710151237
DD85335177338
DD93710147071
DD93710152906
DD93710159602
DD93710161470
DD93710162118
DDA3710131121
DDA3710148406
DDA3710148716
DDA3710151439
DDA3710161759
DDB3710136192
DDB3710136329
DDB3710141068
DDB3710141266
DDB3710147364
DDB3710148383
DDB3710148698
DDB3710148786
DDB3710149676
DDC3710136170
DDC3710136355
DDC3710140821
DDC3710151033
DDD3710148556
DDD3710149679
DDE3710136072
DDE3710147026
DDE3710159631
DDE3710163236
DDF3710131630
DDF3710136460
DDF3710147031
DDF3710148720
DDF3710149094
DDF3710159693
DDF3710163550
